,Movie Id,Movie Name,Release Year,Genre,IMDB Rating,Movie Metascore,Movie Summary,Director,Stars,Votes,Profit
0,1,The Shawshank Redemption,(1994),Drama,9.3,80,"Two imprisoned men bond over a number of years, finding solace and eventual redemption through acts of common decency.",Frank Darabont,"Tim Robbins,Morgan Freeman,Bob Gunton,William Sadler,","2,134,920",$28.34M
1,2,The Godfather,(1972),"Crime, Drama",9.2,100,The aging patriarch of an organized crime dynasty transfers control of his clandestine empire to his reluctant son.,Francis Ford Coppola,"Marlon Brando,Al Pacino,James Caan,Diane Keaton,","1,465,787",$134.97M
2,3,The Dark Knight,(2008),"Action, Crime, Drama",9.0,84,"When the menace known as The Joker emerges from his mysterious past, he wreaks havoc and chaos on the people of Gotham. The Dark Knight must accept one of the greatest psychological and physical tests of his ability to fight injustice.",Christopher Nolan,"Christian Bale,Heath Ledger,Aaron Eckhart,Michael Caine,","2,099,498",$534.86M
3,4,The Godfather: Part II,(1974),"Crime, Drama",9.0,90,"The early life and career of Vito Corleone in 1920s New York City is portrayed, while his son, Michael, expands and tightens his grip on the family crime syndicate.",Francis Ford Coppola,"Al Pacino,Robert De Niro,Robert Duvall,Diane Keaton,","1,019,802",$57.30M
4,5,The Lord of the Rings: The Return of the King,(2003),"Adventure, Drama, Fantasy",8.9,94,Gandalf and Aragorn lead the World of Men against Sauron's army to draw his gaze from Frodo and Sam as they approach Mount Doom with the One Ring.,Peter Jackson,"Elijah Wood,Viggo Mortensen,Ian McKellen,Orlando Bloom,","1,518,344",$377.85M
5,6,Pulp Fiction,(1994),"Crime, Drama",8.9,94,"The lives of two mob hitmen, a boxer, a gangster and his wife, and a pair of diner bandits intertwine in four tales of violence and redemption.",Quentin Tarantino,"John Travolta,Uma Thurman,Samuel L. Jackson,Bruce Willis,","1,675,506",$107.93M
6,7,Schindler's List,(1993),"Biography, Drama, History",8.9,94,"In German-occupied Poland during World War II, industrialist Oskar Schindler gradually becomes concerned for his Jewish workforce after witnessing their persecution by the Nazis.",Steven Spielberg,"Liam Neeson,Ralph Fiennes,Ben Kingsley,Caroline Goodall,","1,108,090",$96.90M
7,8,12 Angry Men,(1957),Drama,8.9,96,A jury holdout attempts to prevent a miscarriage of justice by forcing his colleagues to reconsider the evidence.,Sidney Lumet,"Henry Fonda,Lee J. Cobb,Martin Balsam,John Fiedler,","608,907",$4.36M
8,9,Drishyam,(2013),"Crime, Drama, Thriller",8.8,Not Mentioned,A man goes to extreme lengths to save his family from punishment after the family commits an accidental crime.,Jeethu Joseph,"Mohanlal,Meena,Ansiba,Esther,","25,227",NaN
9,10,Inception,(2010),"Action, Adventure, Sci-Fi",8.8,74,A thief who steals corporate secrets through the use of dream-sharing technology is given the inverse task of planting an idea into the mind of a C.E.O.,Christopher Nolan,"Leonardo DiCaprio,Joseph Gordon-Levitt,Ellen Page,Ken Watanabe,","1,872,379",$292.58M
10,11,Fight Club,(1999),Drama,8.8,66,"An insomniac office worker and a devil-may-care soapmaker form an underground fight club that evolves into something much, much more.",David Fincher,"Brad Pitt,Edward Norton,Meat Loaf,Zach Grenier,","1,706,722",$37.03M
11,12,The Lord of the Rings: The Fellowship of the Ring,(2001),"Adventure, Drama, Fantasy",8.8,92,A meek Hobbit from the Shire and eight companions set out on a journey to destroy the powerful One Ring and save Middle-earth from the Dark Lord Sauron.,Peter Jackson,"Elijah Wood,Ian McKellen,Orlando Bloom,Sean Bean,","1,533,985",$315.54M
12,13,Forrest Gump,(1994),"Drama, Romance",8.8,82,"The presidencies of Kennedy and Johnson, the events of Vietnam, Watergate, and other history unfold through the perspective of an Alabama man with an IQ of 75.",Robert Zemeckis,"Tom Hanks,Robin Wright,Gary Sinise,Sally Field,","1,642,991",$330.25M
13,14,"Il buono, il brutto, il cattivo",(1966),Western,8.8,90,A bounty hunting scam joins two men in an uneasy alliance against a third in a race to find a fortune in gold buried in a remote cemetery.,Sergio Leone,"Clint Eastwood,Eli Wallach,Lee Van Cleef,Aldo Giuffrè,","634,072",$6.10M
14,15,The Lord of the Rings: The Two Towers,(2002),"Adventure, Drama, Fantasy",8.7,87,"While Frodo and Sam edge closer to Mordor with the help of the shifty Gollum, the divided fellowship makes a stand against Sauron's new ally, Saruman, and his hordes of Isengard.",Peter Jackson,"Elijah Wood,Ian McKellen,Viggo Mortensen,Orlando Bloom,","1,373,350",$342.55M
15,16,The Matrix,(1999),"Action, Sci-Fi",8.7,73,A computer hacker learns from mysterious rebels about the true nature of his reality and his role in the war against its controllers.,Lana Wachowski,"Lilly Wachowski,Keanu Reeves,Laurence Fishburne,Carrie-Anne Moss,Hugo Weaving,","1,537,519",$171.48M
16,17,Goodfellas,(1990),"Biography, Crime, Drama",8.7,89,"The story of Henry Hill and his life in the mob, covering his relationship with his wife Karen Hill and his mob partners Jimmy Conway and Tommy DeVito in the Italian-American crime syndicate.",Martin Scorsese,"Robert De Niro,Ray Liotta,Joe Pesci,Lorraine Bracco,","922,570",$46.84M
17,18,Star Wars: Episode V - The Empire Strikes Back,(1980),"Action, Adventure, Fantasy",8.7,82,"After the Rebels are brutally overpowered by the Empire on the ice planet Hoth, Luke Skywalker begins Jedi training with Yoda, while his friends are pursued by Darth Vader.",Irvin Kershner,"Mark Hamill,Harrison Ford,Carrie Fisher,Billy Dee Williams,","1,068,521",$290.48M
18,19,One Flew Over the Cuckoo's Nest,(1975),Drama,8.7,83,A criminal pleads insanity after getting into trouble again and once in the mental institution rebels against the oppressive nurse and rallies up the scared patients.,Milos Forman,"Jack Nicholson,Louise Fletcher,Will Sampson,Michael Berryman,","844,533",$112.00M
19,20,Seppuku,(1962),"Drama, History",8.7,85,An elder ronin samurai arrives at a feudal lord's home and requests an honorable place to commit suicide. But when the ronin inquires about a younger samurai who arrived before him things take an unexpected turn.,Masaki Kobayashi,"Tatsuya Nakadai,Akira Ishihama,Shima Iwashita,Tetsurô Tanba,","25,913",NaN
20,21,Avengers: Endgame,(2019),"Action, Adventure, Sci-Fi",8.6,78,"After the devastating events of Avengers: Infinity War (2018), the universe is in ruins. With the help of remaining allies, the Avengers assemble once more in order to reverse Thanos' actions and restore balance to the universe.",Anthony Russo,"Joe Russo,Robert Downey Jr.,Chris Evans,Mark Ruffalo,Chris Hemsworth,","557,097",$858.37M
21,22,Interstellar,(2014),"Adventure, Drama, Sci-Fi",8.6,74,A team of explorers travel through a wormhole in space in an attempt to ensure humanity's survival.,Christopher Nolan,"Matthew McConaughey,Anne Hathaway,Jessica Chastain,Mackenzie Foy,","1,328,888",$188.02M
22,23,Cidade de Deus,(2002),"Crime, Drama",8.6,79,"In the slums of Rio, two kids' paths diverge as one struggles to become a photographer and the other a kingpin.",Fernando Meirelles,"Kátia Lund,Alexandre Rodrigues,Leandro Firmino,Matheus Nachtergaele,Phellipe Haagensen,","653,745",$7.56M
23,24,Sen to Chihiro no kamikakushi,(2001),"Animation, Adventure, Family",8.6,96,"During her family's move to the suburbs, a sullen 10-year-old girl wanders into a world ruled by gods, witches, and spirits, and where humans are changed into beasts.",Hayao Miyazaki,"Daveigh Chase,Suzanne Pleshette,Miyu Irino,Rumi Hiiragi,","569,876",$10.06M
24,25,Saving Private Ryan,(1998),"Drama, War",8.6,91,"Following the Normandy Landings, a group of U.S. soldiers go behind enemy lines to retrieve a paratrooper whose brothers have been killed in action.",Steven Spielberg,"Tom Hanks,Matt Damon,Tom Sizemore,Edward Burns,","1,131,291",$216.54M
25,26,The Green Mile,(1999),"Crime, Drama, Fantasy",8.6,61,"The lives of guards on Death Row are affected by one of their charges: a black man accused of child murder and rape, yet who has a mysterious gift.",Frank Darabont,"Tom Hanks,Michael Clarke Duncan,David Morse,Bonnie Hunt,","1,036,974",$136.80M
26,27,La vita è bella,(1997),"Comedy, Drama, Romance",8.6,Not Mentioned,"When an open-minded Jewish librarian and his son become victims of the Holocaust, he uses a perfect mixture of will, humor, and imagination to protect his son from the dangers around their camp.",Roberto Benigni,"Roberto Benigni,Nicoletta Braschi,Giorgio Cantarini,Giustino Durano,","563,885",$57.60M
27,28,Se7en,(1995),"Crime, Drama, Mystery",8.6,65,"Two detectives, a rookie and a veteran, hunt a serial killer who uses the seven deadly sins as his motives.",David Fincher,"Morgan Freeman,Brad Pitt,Kevin Spacey,Andrew Kevin Walker,","1,311,947",$100.13M
28,29,The Silence of the Lambs,(1991),"Crime, Drama, Thriller",8.6,85,"A young F.B.I. cadet must receive the help of an incarcerated and manipulative cannibal killer to help catch another serial killer, a madman who skins his victims.",Jonathan Demme,"Jodie Foster,Anthony Hopkins,Lawrence A. Bonney,Kasi Lemmons,","1,156,255",$130.74M
29,30,Star Wars,(1977),"Action, Adventure, Fantasy",8.6,90,"Luke Skywalker joins forces with a Jedi Knight, a cocky pilot, a Wookiee and two droids to save the galaxy from the Empire's world-destroying battle station, while also attempting to rescue Princess Leia from the mysterious Darth Vader.",George Lucas,"Mark Hamill,Harrison Ford,Carrie Fisher,Alec Guinness,","1,137,429",$322.74M
30,31,Shichinin no samurai,(1954),"Adventure, Drama",8.6,98,A poor village under attack by bandits recruits seven unemployed samurai to help them defend themselves.,Akira Kurosawa,"Toshirô Mifune,Takashi Shimura,Keiko Tsushima,Yukiko Shimazaki,","289,133",$0.27M
31,32,It's a Wonderful Life,(1946),"Drama, Family, Fantasy",8.6,89,An angel is sent from Heaven to help a desperately frustrated businessman by showing him what life would have been like if he had never existed.,Frank Capra,"James Stewart,Donna Reed,Lionel Barrymore,Thomas Mitchell,","363,112",NaN
32,33,Gisaengchung,(2019),"Comedy, Drama, Thriller",8.5,92,"All unemployed, Ki-taek's family takes peculiar interest in the wealthy and glamorous Parks for their livelihood until they get entangled in an unexpected incident.",Joon-ho Bong,"Kang-ho Song,Sun-kyun Lee,Yeo-jeong Jo,Woo-sik Choi,","28,831",NaN
33,34,Avengers: Infinity War,(2018),"Action, Adventure, Sci-Fi",8.5,68,The Avengers and their allies must be willing to sacrifice all in an attempt to defeat the powerful Thanos before his blitz of devastation and ruin puts an end to the universe.,Anthony Russo,"Joe Russo,Robert Downey Jr.,Chris Hemsworth,Mark Ruffalo,Chris Evans,","707,241",$678.82M
34,35,Whiplash,(2014),"Drama, Music",8.5,88,A promising young drummer enrolls at a cut-throat music conservatory where his dreams of greatness are mentored by an instructor who will stop at nothing to realize a student's potential.,Damien Chazelle,"Miles Teller,J.K. Simmons,Melissa Benoist,Paul Reiser,","631,751",$13.09M
35,36,The Intouchables,(2011),"Biography, Comedy, Drama",8.5,Not Mentioned,"After he becomes a quadriplegic from a paragliding accident, an aristocrat hires a young man from the projects to be his caregiver.",Olivier Nakache,"Éric Toledano,François Cluzet,Omar Sy,Anne Le Ny,Audrey Fleurot,","690,070",$13.18M
36,37,The Prestige,(2006),"Drama, Mystery, Sci-Fi",8.5,66,"After a tragic accident, two stage magicians engage in a battle to create the ultimate illusion while sacrificing everything they have to outwit each other.",Christopher Nolan,"Christian Bale,Hugh Jackman,Scarlett Johansson,Michael Caine,","1,083,871",$53.09M
37,38,The Departed,(2006),"Crime, Drama, Thriller",8.5,85,An undercover cop and a mole in the police attempt to identify each other while infiltrating an Irish gang in South Boston.,Martin Scorsese,"Leonardo DiCaprio,Matt Damon,Jack Nicholson,Mark Wahlberg,","1,093,217",$132.38M
38,39,The Pianist,(2002),"Biography, Drama, Music",8.5,85,A Polish Jewish musician struggles to survive the destruction of the Warsaw ghetto of World War II.,Roman Polanski,"Adrien Brody,Thomas Kretschmann,Frank Finlay,Emilia Fox,","656,867",$32.57M
39,40,Gladiator,(2000),"Action, Adventure, Drama",8.5,67,A former Roman General sets out to exact vengeance against the corrupt emperor who murdered his family and sent him into slavery.,Ridley Scott,"Russell Crowe,Joaquin Phoenix,Connie Nielsen,Oliver Reed,","1,232,453",$187.71M
40,41,American History X,(1998),Drama,8.5,62,A former neo-nazi skinhead tries to prevent his younger brother from going down the same wrong path that he did.,Tony Kaye,"Edward Norton,Edward Furlong,Beverly D'Angelo,Jennifer Lien,","964,736",$6.72M
41,42,The Usual Suspects,(1995),"Crime, Mystery, Thriller",8.5,77,"A sole survivor tells of the twisty events leading up to a horrific gun battle on a boat, which began when five criminals met at a seemingly random police lineup.",Bryan Singer,"Kevin Spacey,Gabriel Byrne,Chazz Palminteri,Stephen Baldwin,","920,667",$23.34M
42,43,Léon,(1994),"Action, Crime, Drama",8.5,64,"Mathilda, a 12-year-old girl, is reluctantly taken in by Léon, a professional assassin, after her family is murdered. Léon and Mathilda form an unusual relationship, as she becomes his protégée and learns the assassin's trade.",Luc Besson,"Jean Reno,Gary Oldman,Natalie Portman,Danny Aiello,","943,993",$19.50M
43,44,The Lion King,(1994),"Animation, Adventure, Drama",8.5,88,"A Lion cub crown prince is tricked by a treacherous uncle into thinking he caused his father's death and flees into exile in despair, only to learn in adulthood his identity and his responsibilities.",Roger Allers,"Rob Minkoff,Matthew Broderick,Jeremy Irons,James Earl Jones,Whoopi Goldberg,","860,829",$422.78M
44,45,Terminator 2: Judgment Day,(1991),"Action, Sci-Fi",8.5,75,"A cyborg, identical to the one who failed to kill Sarah Connor, must now protect her teenage son, John Connor, from a more advanced and powerful cyborg.",James Cameron,"Arnold Schwarzenegger,Linda Hamilton,Edward Furlong,Robert Patrick,","922,700",$204.84M
45,46,Nuovo Cinema Paradiso,(1988),Drama,8.5,80,A filmmaker recalls his childhood when falling in love with the pictures at the cinema of his home village and forms a deep friendship with the cinema's projectionist.,Giuseppe Tornatore,"Philippe Noiret,Enzo Cannavale,Antonella Attili,Isa Danieli,","206,021",$11.99M
46,47,Hotaru no haka,(1988),"Animation, Drama, War",8.5,Not Mentioned,A young boy and his little sister struggle to survive in Japan during World War II.,Isao Takahata,"Tsutomu Tatsumi,Ayano Shiraishi,Akemi Yamaguchi,Yoshiko Shinohara,","202,529",NaN
47,48,Back to the Future,(1985),"Adventure, Comedy, Sci-Fi",8.5,87,"Marty McFly, a 17-year-old high school student, is accidentally sent thirty years into the past in a time-traveling DeLorean invented by his close friend, the maverick scientist Doc Brown.",Robert Zemeckis,"Michael J. Fox,Christopher Lloyd,Lea Thompson,Crispin Glover,","954,793",$210.61M
48,49,Once Upon a Time in the West,(1968),Western,8.5,80,A mysterious stranger with a harmonica joins forces with a notorious desperado to protect a beautiful widow from a ruthless assassin working for the railroad.,Sergio Leone,"Henry Fonda,Charles Bronson,Claudia Cardinale,Jason Robards,","276,417",$5.32M
49,50,Psycho,(1960),"Horror, Mystery, Thriller",8.5,97,"A Phoenix secretary embezzles forty thousand dollars from her employer's client, goes on the run, and checks into a remote motel run by a young man under the domination of his mother.",Alfred Hitchcock,"Anthony Perkins,Janet Leigh,Vera Miles,John Gavin,","548,654",$32.00M
50,51,Rear Window,(1954),"Mystery, Thriller",8.5,100,A wheelchair-bound photographer spies on his neighbors from his apartment window and becomes convinced one of them has committed murder.,Alfred Hitchcock,"James Stewart,Grace Kelly,Wendell Corey,Thelma Ritter,","406,382",$36.76M
51,52,Casablanca,(1942),"Drama, Romance, War",8.5,100,A cynical American expatriate struggles to decide whether or not he should help his former lover and her fugitive husband escape French Morocco.,Michael Curtiz,"Humphrey Bogart,Ingrid Bergman,Paul Henreid,Claude Rains,","483,731",$1.02M
52,53,The Great Dictator,(1940),"Comedy, Drama, War",8.5,Not Mentioned,Dictator Adenoid Hynkel tries to expand his empire while a poor Jewish barber tries to avoid persecution from Hynkel's regime.,Charles Chaplin,"Charles Chaplin,Paulette Goddard,Jack Oakie,Reginald Gardiner,","184,547",NaN
53,54,Modern Times,(1936),"Comedy, Drama, Family",8.5,96,The Tramp struggles to live in modern industrial society with the help of a young homeless woman.,Charles Chaplin,"Charles Chaplin,Paulette Goddard,Henry Bergman,Tiny Sandford,","195,158",$0.16M
54,55,City Lights,(1931),"Comedy, Drama, Romance",8.5,99,"With the aid of a wealthy erratic tippler, a dewy-eyed tramp who has fallen in love with a sightless flower girl accumulates money to be able to help her medically.",Charles Chaplin,"Charles Chaplin,Virginia Cherrill,Florence Lee,Harry Myers,","150,811",$0.02M
55,56,Capharnaüm,(2018),Drama,8.4,75,"While serving a five-year sentence for a violent crime, a 12-year-old boy sues his parents for neglect.",Nadine Labaki,"Zain Al Rafeea,Yordanos Shiferaw,Boluwatife Treasure Bankole,Kawsar Al Haddad,","26,823",$1.66M
56,57,Andhadhun,(2018),"Crime, Thriller",8.4,Not Mentioned,A series of mysterious events change the life of a blind pianist who now must report a crime that was actually never witnessed by him.,Sriram Raghavan,"Ayushmann Khurrana,Tabu,Radhika Apte,Anil Dhawan,","48,743",$1.19M
57,58,Kimi no na wa.,(2016),"Animation, Drama, Fantasy",8.4,79,"Two strangers find themselves linked in a bizarre way. When a connection forms, will distance be the only thing to keep them apart?",Makoto Shinkai,"Ryûnosuke Kamiki,Mone Kamishiraishi,Ryô Narita,Aoi Yûki,","143,087",$5.02M
58,59,Dangal,(2016),"Action, Biography, Drama",8.4,Not Mentioned,Former wrestler Mahavir Singh Phogat and his two wrestler daughters struggle towards glory at the Commonwealth Games in the face of societal oppression.,Nitesh Tiwari,"Aamir Khan,Sakshi Tanwar,Fatima Sana Shaikh,Sanya Malhotra,","128,528",$12.39M
59,60,Spider-Man: Into the Spider-Verse,(2018),"Animation, Action, Adventure",8.4,87,"Teen Miles Morales becomes Spider-Man of his reality, crossing his path with five counterparts from other dimensions to stop a threat for all realities.",Bob Persichetti,"Peter Ramsey,Rodney Rothman,Shameik Moore,Jake Johnson,Hailee Steinfeld,Mahershala Ali,","257,727",$190.24M
60,61,Coco,(I) (2017),"Animation, Adventure, Family",8.4,81,"Aspiring musician Miguel, confronted with his family's ancestral ban on music, enters the Land of the Dead to find his great-great-grandfather, a legendary singer.",Lee Unkrich,"Adrian Molina,Anthony Gonzalez,Gael García Bernal,Benjamin Bratt,Alanna Ubach,","294,511",$209.73M
61,62,Django Unchained,(2012),"Drama, Western",8.4,81,"With the help of a German bounty hunter, a freed slave sets out to rescue his wife from a brutal Mississippi plantation owner.",Quentin Tarantino,"Jamie Foxx,Christoph Waltz,Leonardo DiCaprio,Kerry Washington,","1,235,691",$162.81M
62,63,The Dark Knight Rises,(2012),"Action, Thriller",8.4,78,"Eight years after the Joker's reign of anarchy, Batman, with the help of the enigmatic Catwoman, is forced from his exile to save Gotham City, now on the edge of total annihilation, from the brutal guerrilla terrorist Bane.",Christopher Nolan,"Christian Bale,Tom Hardy,Anne Hathaway,Gary Oldman,","1,406,802",$448.14M
63,64,3 Idiots,(2009),"Comedy, Drama",8.4,67,"Two friends are searching for their long lost companion. They revisit their college days and recall the memories of their friend who inspired them to think differently, even as the rest of the world called them ""idiots"".",Rajkumar Hirani,"Aamir Khan,Madhavan,Mona Singh,Sharman Joshi,","306,969",$6.53M
64,65,Taare Zameen Par,(2007),"Drama, Family",8.4,Not Mentioned,"An eight-year-old boy is thought to be a lazy trouble-maker, until the new art teacher has the patience and compassion to discover the real problem behind his struggles in school.",Aamir Khan,"Amole Gupte,Darsheel Safary,Aamir Khan,Tisca Chopra,Vipin Sharma,","146,367",$1.22M
65,66,WALL·E,(2008),"Animation, Adventure, Family",8.4,95,"In the distant future, a small waste-collecting robot inadvertently embarks on a space journey that will ultimately decide the fate of mankind.",Andrew Stanton,"Ben Burtt,Elissa Knight,Jeff Garlin,Fred Willard,","922,010",$223.81M
66,67,The Lives of Others,(2006),"Drama, Thriller",8.4,89,"In 1984 East Berlin, an agent of the secret police, conducting surveillance on a writer and his lover, finds himself becoming increasingly absorbed by their lives.",Florian Henckel von Donnersmarck,"Ulrich Mühe,Martina Gedeck,Sebastian Koch,Ulrich Tukur,","328,365",$11.29M
67,68,Oldeuboi,(2003),"Action, Drama, Mystery",8.4,77,"After being kidnapped and imprisoned for fifteen years, Oh Dae-Su is released, only to find that he must find his captor in five days.",Chan-wook Park,"Min-sik Choi,Ji-tae Yu,Hye-jeong Kang,Dae-han Ji,","466,968",$0.71M
68,69,Memento,(2000),"Mystery, Thriller",8.4,80,A man with short-term memory loss attempts to track down his wife's murderer.,Christopher Nolan,"Guy Pearce,Carrie-Anne Moss,Joe Pantoliano,Mark Boone Junior,","1,044,207",$25.54M
69,70,Mononoke-hime,(1997),"Animation, Adventure, Fantasy",8.4,76,"On a journey to find the cure for a Tatarigami's curse, Ashitaka finds himself in the middle of a war between the forest gods and Tatara, a mining colony. In this quest he also meets San, the Mononoke Hime.",Hayao Miyazaki,"Yôji Matsuda,Yuriko Ishida,Yûko Tanaka,Billy Crudup,","300,586",$2.38M
70,71,Aliens,(1986),"Action, Adventure, Sci-Fi",8.4,84,"Ellen Ripley is rescued by a deep salvage team after being in hypersleep for 57 years. The moon that the Nostromo visited has been colonized, but contact is lost. This time, colonial marines have impressive firepower, but will that be enough?",James Cameron,"Sigourney Weaver,Michael Biehn,Carrie Henn,Paul Reiser,","609,204",$85.16M
71,72,Once Upon a Time in America,(1984),"Crime, Drama",8.4,Not Mentioned,"A former Prohibition-era Jewish gangster returns to the Lower East Side of Manhattan over thirty years later, where he once again must confront the ghosts and regrets of his old life.",Sergio Leone,"Robert De Niro,James Woods,Elizabeth McGovern,Treat Williams,","282,886",$5.32M
72,73,Raiders of the Lost Ark,(1981),"Action, Adventure",8.4,85,"In 1936, archaeologist and adventurer Indiana Jones is hired by the U.S. government to find the Ark of the Covenant before Adolf Hitler's Nazis can obtain its awesome powers.",Steven Spielberg,"Harrison Ford,Karen Allen,Paul Freeman,John Rhys-Davies,","824,810",$248.16M
73,74,The Shining,(1980),"Drama, Horror",8.4,66,"A family heads to an isolated hotel for the winter where a sinister presence influences the father into violence, while his psychic son sees horrific forebodings from both past and future.",Stanley Kubrick,"Jack Nicholson,Shelley Duvall,Danny Lloyd,Scatman Crothers,","798,064",$44.02M
74,75,Apocalypse Now,(1979),"Drama, Mystery, War",8.4,94,A U.S. Army officer serving in Vietnam is tasked with assassinating a renegade Special Forces Colonel who sees himself as a god.,Francis Ford Coppola,"Martin Sheen,Marlon Brando,Robert Duvall,Frederic Forrest,","558,034",$83.47M
75,76,Alien,(1979),"Horror, Sci-Fi",8.4,89,"After a space merchant vessel perceives an unknown transmission as a distress call, its landing on the source moon finds one of the crew attacked by a mysterious lifeform, and they soon realize that its life cycle has merely begun.",Ridley Scott,"Sigourney Weaver,Tom Skerritt,John Hurt,Veronica Cartwright,","726,085",$78.90M
76,77,Dr. Strangelove or: How I Learned to Stop Worrying and Love the Bomb,(1964),Comedy,8.4,97,An insane general triggers a path to nuclear holocaust that a War Room full of politicians and generals frantically tries to stop.,Stanley Kubrick,"Peter Sellers,George C. Scott,Sterling Hayden,Keenan Wynn,","420,533",$0.28M
77,78,Witness for the Prosecution,(1957),"Crime, Drama, Mystery",8.4,Not Mentioned,A veteran British barrister must defend his client in a murder trial that has surprise after surprise.,Billy Wilder,"Tyrone Power,Marlene Dietrich,Charles Laughton,Elsa Lanchester,","94,992",$8.18M
78,79,Paths of Glory,(1957),"Drama, War",8.4,Not Mentioned,"After refusing to attack an enemy position, a general accuses the soldiers of cowardice and their commanding officer must defend them.",Stanley Kubrick,"Kirk Douglas,Ralph Meeker,Adolphe Menjou,George Macready,","160,107",NaN
79,80,Sunset Blvd.,(1950),"Drama, Film-Noir",8.4,Not Mentioned,A screenwriter develops a dangerous relationship with a faded film star determined to make a triumphant return.,Billy Wilder,"William Holden,Gloria Swanson,Erich von Stroheim,Nancy Olson,","182,885",NaN
80,81,Drishyam,(2015),"Crime, Drama, Mystery",8.3,Not Mentioned,"Desperate measures are taken by a man who tries to save his family from the dark side of the law, after they commit an unexpected crime.",Nishikant Kamat,"Ajay Devgn,Shriya Saran,Tabu,Rajat Kapoor,","57,121",$0.74M
81,82,Jagten,(2012),Drama,8.3,77,"A teacher lives a lonely life, all the while struggling over his son's custody. His life slowly gets better as he finds love and receives good news from his son, but his new luck is about to be brutally shattered by an innocent little lie.",Thomas Vinterberg,"Mads Mikkelsen,Thomas Bo Larsen,Annika Wedderkopp,Lasse Fogelstrøm,","247,471",$0.69M
82,83,Jodaeiye Nader az Simin,(2011),"Drama, Thriller",8.3,95,A married couple are faced with a difficult decision - to improve the life of their child by moving to another country or to stay in Iran and look after a deteriorating parent who has Alzheimer's disease.,Asghar Farhadi,"Payman Maadi,Leila Hatami,Sareh Bayat,Shahab Hosseini,","200,969",$7.10M
83,84,Incendies,(2010),"Drama, Mystery, War",8.3,80,Twins journey to the Middle East to discover their family history and fulfill their mother's last wishes.,Denis Villeneuve,"Lubna Azabal,Mélissa Désormeaux-Poulin,Maxim Gaudette,Mustafa Kamel,","127,330",$6.86M
84,85,Babam ve Oglum,(2005),"Drama, Family",8.3,Not Mentioned,The family of a left-wing journalist is torn apart after a military coup in 1980's Turkey.,Çagan Irmak,"Çetin Tekindor,Fikret Kuskan,Hümeyra,Ege Tanman,","69,509",NaN
85,86,Toy Story 3,(2010),"Animation, Adventure, Comedy",8.3,92,"The toys are mistakenly delivered to a day-care center instead of the attic right before Andy leaves for college, and it's up to Woody to convince the other toys that they weren't abandoned and to return home.",Lee Unkrich,"Tom Hanks,Tim Allen,Joan Cusack,Ned Beatty,","699,467",$415.00M
86,87,Inglourious Basterds,(2009),"Adventure, Drama, War",8.3,69,"In Nazi-occupied France during World War II, a plan to assassinate Nazi leaders by a group of Jewish U.S. soldiers coincides with a theatre owner's vengeful plans for the same.",Quentin Tarantino,"Brad Pitt,Diane Kruger,Eli Roth,Mélanie Laurent,","1,148,560",$120.54M
87,88,Eternal Sunshine of the Spotless Mind,(2004),"Drama, Romance, Sci-Fi",8.3,89,"When their relationship turns sour, a couple undergoes a medical procedure to have each other erased from their memories.",Michel Gondry,"Jim Carrey,Kate Winslet,Tom Wilkinson,Gerry Robert Byrne,","837,171",$34.40M
88,89,Amélie,(2001),"Comedy, Romance",8.3,69,"Amélie is an innocent and naive girl in Paris with her own sense of justice. She decides to help those around her and, along the way, discovers love.",Jean-Pierre Jeunet,"Audrey Tautou,Mathieu Kassovitz,Rufus,Lorella Cravotta,","660,421",$33.23M
89,90,Snatch,(2000),"Comedy, Crime",8.3,Not Mentioned,"Unscrupulous boxing promoters, violent bookmakers, a Russian gangster, incompetent amateur robbers and supposedly Jewish jewelers fight to track down a priceless stolen diamond.",Guy Ritchie,"Jason Statham,Brad Pitt,Benicio Del Toro,Dennis Farina,","728,580",$30.33M
90,91,Requiem for a Dream,(2000),Drama,8.3,68,The drug-induced utopias of four Coney Island people are shattered when their addictions run deep.,Darren Aronofsky,"Ellen Burstyn,Jared Leto,Jennifer Connelly,Marlon Wayans,","710,363",$3.64M
91,92,American Beauty,(1999),Drama,8.3,86,A sexually frustrated suburban father has a mid-life crisis after becoming infatuated with his daughter's best friend.,Sam Mendes,"Kevin Spacey,Annette Bening,Thora Birch,Wes Bentley,","1,001,860",$130.10M
92,93,Good Will Hunting,(1997),"Drama, Romance",8.3,70,"Will Hunting, a janitor at M.I.T., has a gift for mathematics, but needs help from a psychologist to find direction in his life.",Gus Van Sant,"Robin Williams,Matt Damon,Ben Affleck,Stellan Skarsgård,","781,226",$138.43M
93,94,Bacheha-Ye aseman,(1997),"Drama, Family",8.3,Not Mentioned,"After a boy loses his sister's pair of shoes, he goes on a series of adventures in order to find them. When he can't, he tries a new way to ""win"" a new pair.",Majid Majidi,"Mohammad Amir Naji,Amir Farrokh Hashemian,Bahare Seddiqi,Nafise Jafar-Mohammadi,","55,291",$0.93M
94,95,Eskiya,(1996),"Crime, Drama, Thriller",8.3,Not Mentioned,"Baran the Bandit, released from prison after 35 years searches for vengeance and his lover.",Yavuz Turgul,"Sener Sen,Ugur Yücel,Sermin Hürmeriç,Yesim Salkim,","56,600",NaN
95,96,Toy Story,(1995),"Animation, Adventure, Comedy",8.3,95,A cowboy doll is profoundly threatened and jealous when a new spaceman figure supplants him as top toy in a boy's room.,John Lasseter,"Tom Hanks,Tim Allen,Don Rickles,Jim Varney,","813,477",$191.80M
96,97,Braveheart,(1995),"Biography, Drama, History",8.3,68,"When his secret bride is executed for assaulting an English soldier who tried to rape her, William Wallace begins a revolt against King Edward I of England.",Mel Gibson,"Mel Gibson,Sophie Marceau,Patrick McGoohan,Angus Macfadyen,","902,023",$75.60M
97,98,Reservoir Dogs,(1992),"Crime, Drama, Thriller",8.3,79,"When a simple jewelry heist goes horribly wrong, the surviving criminals begin to suspect that one of them is a police informant.",Quentin Tarantino,"Harvey Keitel,Tim Roth,Michael Madsen,Chris Penn,","844,061",$2.83M
98,99,Full Metal Jacket,(1987),"Drama, War",8.3,76,A pragmatic U.S. Marine observes the dehumanizing effects the Vietnam War has on his fellow recruits from their brutal boot camp training to the bloody street fighting in Hue.,Stanley Kubrick,"Matthew Modine,R. Lee Ermey,Vincent D'Onofrio,Adam Baldwin,","620,286",$46.36M
99,100,Idi i smotri,(1985),"Drama, War",8.3,Not Mentioned,"After finding an old rifle, a young boy joins the Soviet resistance movement against ruthless German forces and experiences the horrors of World War II.",Elem Klimov,"Aleksey Kravchenko,Olga Mironova,Liubomiras Laucevicius,Vladas Bagdonas,","44,854",NaN
100,101,Amadeus,(1984),"Biography, Drama, History",8.3,88,"The life, success and troubles of Wolfgang Amadeus Mozart, as told by Antonio Salieri, the contemporaneous composer who was insanely jealous of Mozart's talent and claimed to have murdered him.",Milos Forman,"F. Murray Abraham,Tom Hulce,Elizabeth Berridge,Roy Dotrice,","342,113",$51.97M
101,102,Scarface,(1983),"Crime, Drama",8.3,65,"In Miami in 1980, a determined Cuban immigrant takes over a drug cartel and succumbs to greed.",Brian De Palma,"Al Pacino,Michelle Pfeiffer,Steven Bauer,Mary Elizabeth Mastrantonio,","675,721",$45.60M
102,103,Star Wars: Episode VI - Return of the Jedi,(1983),"Action, Adventure, Fantasy",8.3,Not Mentioned,"After a daring mission to rescue Han Solo from Jabba the Hutt, the Rebels dispatch to Endor to destroy the second Death Star. Meanwhile, Luke struggles to help Darth Vader back from the dark side without falling into the Emperor's trap.",Richard Marquand,"Mark Hamill,Harrison Ford,Carrie Fisher,Billy Dee Williams,","874,787",$309.13M
103,104,Das Boot,(1981),"Adventure, Drama, Thriller",8.3,86,"The claustrophobic world of a WWII German U-boat; boredom, filth and sheer terror.",Wolfgang Petersen,"Jürgen Prochnow,Herbert Grönemeyer,Klaus Wennemann,Hubertus Bengsch,","213,866",$11.49M
104,105,Taxi Driver,(1976),"Crime, Drama",8.3,94,"A mentally unstable veteran works as a nighttime taxi driver in New York City, where the perceived decadence and sleaze fuels his urge for violent action by attempting to liberate a presidential campaign worker and an underage prostitute.",Martin Scorsese,"Robert De Niro,Jodie Foster,Cybill Shepherd,Albert Brooks,","649,467",$28.26M
105,106,The Sting,(1973),"Comedy, Crime, Drama",8.3,83,Two grifters team up to pull off the ultimate con.,George Roy Hill,"Paul Newman,Robert Redford,Robert Shaw,Charles Durning,","223,729",$159.60M
106,107,A Clockwork Orange,(1971),"Crime, Drama, Sci-Fi",8.3,80,"In the future, a sadistic gang leader is imprisoned and volunteers for a conduct-aversion experiment, but it doesn't go as planned.",Stanley Kubrick,"Malcolm McDowell,Patrick Magee,Michael Bates,Warren Clarke,","700,684",NaN
107,108,2001: A Space Odyssey,(1968),"Adventure, Sci-Fi",8.3,82,"After discovering a mysterious artifact buried beneath the Lunar surface, mankind sets off on a quest to find its origins with help from intelligent supercomputer H.A.L. 9000.",Stanley Kubrick,"Keir Dullea,Gary Lockwood,William Sylvester,Daniel Richter,","552,091",$56.95M
108,109,Per qualche dollaro in più,(1965),Western,8.3,74,Two bounty hunters with the same intentions team up to track down a Western outlaw.,Sergio Leone,"Clint Eastwood,Lee Van Cleef,Gian Maria Volontè,Mario Brega,","210,737",$15.00M
109,110,To Kill a Mockingbird,(1962),"Crime, Drama",8.3,88,"Atticus Finch, a lawyer in the Depression-era South, defends a black man against an undeserved rape charge, and his children against prejudice.",Robert Mulligan,"Gregory Peck,John Megna,Frank Overton,Rosemary Murphy,","276,120",NaN
110,111,Lawrence of Arabia,(1962),"Adventure, Biography, Drama",8.3,100,"The story of T.E. Lawrence, the English officer who successfully united and led the diverse, often warring, Arab tribes during World War I in order to fight the Turks.",David Lean,"Peter O'Toole,Alec Guinness,Anthony Quinn,Jack Hawkins,","246,808",$44.82M
111,112,The Apartment,(1960),"Comedy, Drama, Romance",8.3,94,"A man tries to rise in his company by letting its executives use his apartment for trysts, but complications and a romance of his own ensue.",Billy Wilder,"Jack Lemmon,Shirley MacLaine,Fred MacMurray,Ray Walston,","147,256",$18.60M
112,113,North by Northwest,(1959),"Adventure, Mystery, Thriller",8.3,98,A New York City advertising executive goes on the run after being mistaken for a government agent by a group of foreign spies.,Alfred Hitchcock,"Cary Grant,Eva Marie Saint,James Mason,Jessie Royce Landis,","276,335",$13.28M
113,114,Vertigo,(1958),"Mystery, Romance, Thriller",8.3,100,A former police detective juggles wrestling with his personal demons and becoming obsessed with a hauntingly beautiful woman.,Alfred Hitchcock,"James Stewart,Kim Novak,Barbara Bel Geddes,Tom Helmore,","327,008",$3.20M
114,115,Singin' in the Rain,(1952),"Comedy, Musical, Romance",8.3,99,A silent film production company and cast make a difficult transition to sound.,Stanley Donen,"Gene Kelly,Gene Kelly,Donald O'Connor,Debbie Reynolds,Jean Hagen,","200,645",$8.82M
115,116,Ikiru,(1952),Drama,8.3,Not Mentioned,A bureaucrat tries to find a meaning in his life after he discovers he has terminal cancer.,Akira Kurosawa,"Takashi Shimura,Nobuo Kaneko,Shin'ichi Himori,Haruo Tanaka,","59,866",$0.06M
116,117,Ladri di biciclette,(1948),Drama,8.3,Not Mentioned,"In post-war Italy, a working-class man's bicycle is stolen. He and his son set out to find it.",Vittorio De Sica,"Lamberto Maggiorani,Enzo Staiola,Lianella Carell,Elena Altieri,","130,565",$0.33M
117,118,Double Indemnity,(1944),"Crime, Drama, Film-Noir",8.3,95,An insurance representative lets himself be talked by a seductive housewife into a murder/insurance fraud scheme that arouses the suspicion of an insurance investigator.,Billy Wilder,"Fred MacMurray,Barbara Stanwyck,Edward G. Robinson,Byron Barr,","130,698",$5.72M
118,119,Citizen Kane,(1941),"Drama, Mystery",8.3,100,"Following the death of publishing tycoon, Charles Foster Kane, reporters scramble to uncover the meaning of his final utterance; 'Rosebud'.",Orson Welles,"Orson Welles,Joseph Cotten,Dorothy Comingore,Agnes Moorehead,","368,772",$1.59M
119,120,M - Eine Stadt sucht einen Mörder,(1931),"Crime, Mystery, Thriller",8.3,Not Mentioned,"When the police in a German city are unable to catch a child-murderer, other criminals join in the manhunt.",Fritz Lang,"Peter Lorre,Ellen Widmann,Inge Landgut,Otto Wernicke,","130,610",$0.03M
120,121,Metropolis,(1927),"Drama, Sci-Fi",8.3,98,"In a futuristic city sharply divided between the working class and the city planners, the son of the city's mastermind falls in love with a working class prophet who predicts the coming of a savior to mediate their differences.",Fritz Lang,"Brigitte Helm,Alfred Abel,Gustav Fröhlich,Rudolf Klein-Rogge,","146,816",$1.24M
121,122,The Kid,(1921),"Comedy, Drama, Family",8.3,Not Mentioned,"The Tramp cares for an abandoned child, but events put that relationship in jeopardy.",Charles Chaplin,"Charles Chaplin,Edna Purviance,Jackie Coogan,Carl Miller,","100,098",$5.45M
122,123,Green Book,(2018),"Biography, Comedy, Drama",8.2,69,A working-class Italian-American bouncer becomes the driver of an African-American classical pianist on a tour of venues through the 1960s American South.,Peter Farrelly,"Viggo Mortensen,Mahershala Ali,Linda Cardellini,Sebastian Maniscalco,","240,039",$85.08M
123,124,"Three Billboards Outside Ebbing, Missouri",(2017),"Crime, Drama",8.2,88,A mother personally challenges the local authorities to solve her daughter's murder when they fail to catch the culprit.,Martin McDonagh,"Frances McDormand,Woody Harrelson,Sam Rockwell,Caleb Landry Jones,","358,926",$54.51M
124,125,Room,(I) (2015),"Drama, Thriller",8.2,86,"Held captive for 7 years in an enclosed space, a woman and her young son finally gain their freedom, allowing the boy to experience the outside world for the first time.",Lenny Abrahamson,"Brie Larson,Jacob Tremblay,Sean Bridgers,Wendy Crewson,","324,885",$14.68M
125,126,Kis Uykusu,(2014),Drama,8.2,88,A hotel owner and landlord in a remote Turkish village deals with conflicts within his family and a tenant behind on his rent.,Nuri Bilge Ceylan,"Haluk Bilginer,Melisa Sözen,Demet Akbag,Ayberk Pekcan,","38,279",$0.17M
126,127,PK,(2014),"Comedy, Drama, Fantasy",8.2,Not Mentioned,An alien on Earth loses the only device he can use to communicate with his spaceship. His innocent nature and child-like questions force the country to evaluate the impact of religion on its people.,Rajkumar Hirani,"Aamir Khan,Anushka Sharma,Sanjay Dutt,Boman Irani,","141,424",$10.62M
127,128,Inside Out,(I) (2015),"Animation, Adventure, Comedy",8.2,94,"After young Riley is uprooted from her Midwest life and moved to San Francisco, her emotions - Joy, Fear, Anger, Disgust and Sadness - conflict on how best to navigate a new city, house, and school.",Pete Docter,"Ronnie Del Carmen,Amy Poehler,Bill Hader,Lewis Black,Mindy Kaling,","548,923",$356.46M
128,129,Gangs of Wasseypur,(2012),"Action, Comedy, Crime",8.2,89,"A clash between Sultan and Shahid Khan leads to the expulsion of Khan from Wasseypur, and ignites a deadly blood feud spanning three generations.",Anurag Kashyap,"Manoj Bajpayee,Richa Chadha,Nawazuddin Siddiqui,Tigmanshu Dhulia,","70,618",NaN
129,130,El secreto de sus ojos,(2009),"Drama, Mystery, Romance",8.2,80,A retired legal counselor writes a novel hoping to find closure for one of his past unresolved homicide cases and for his unreciprocated love with his superior - both of which still haunt him decades later.,Juan José Campanella,"Ricardo Darín,Soledad Villamil,Pablo Rago,Carla Quevedo,","175,717",$6.39M
130,131,Warrior,(2011),"Drama, Sport",8.2,71,"The youngest son of an alcoholic former boxer returns home, where he's trained by his father for competition in a mixed martial arts tournament - a path that puts the fighter on a collision course with his estranged, older brother.",Gavin O'Connor,"Tom Hardy,Nick Nolte,Joel Edgerton,Jennifer Morrison,","408,182",$13.66M
131,132,A Wednesday,(2008),"Crime, Drama, Mystery",8.2,Not Mentioned,A retiring police officer reminisces about the most astounding day of his career. About a case that was never filed but continues to haunt him in his memories - the case of a man and a Wednesday.,Neeraj Pandey,"Anupam Kher,Naseeruddin Shah,Jimmy Sheirgill,Deepal Shaw,","68,941",NaN
132,133,Up,(2009),"Animation, Adventure, Comedy",8.2,88,"Seventy-eight year old Carl Fredricksen travels to Paradise Falls in his home equipped with balloons, inadvertently taking a young stowaway.",Pete Docter,"Bob Peterson,Edward Asner,Jordan Nagai,John Ratzenberger,Christopher Plummer,","860,931",$293.00M
133,134,The Wolf of Wall Street,(2013),"Biography, Crime, Drama",8.2,75,"Based on the true story of Jordan Belfort, from his rise to a wealthy stock-broker living the high life to his fall involving crime, corruption and the federal government.",Martin Scorsese,"Leonardo DiCaprio,Jonah Hill,Margot Robbie,Matthew McConaughey,","1,056,783",$116.90M
134,135,Pan's Labyrinth,(2006),"Drama, Fantasy, War",8.2,98,"In the Falangist Spain of 1944, the bookish young stepdaughter of a sadistic army officer escapes into an eerie but captivating fantasy world.",Guillermo del Toro,"Ivana Baquero,Ariadna Gil,Sergi López,Maribel Verdú,","579,475",$37.63M
135,136,V for Vendetta,(2005),"Action, Drama, Sci-Fi",8.2,62,"In a future British tyranny, a shadowy freedom fighter, known only by the alias of ""V"", plots to overthrow it with the help of a young woman.",James McTeigue,"Hugo Weaving,Natalie Portman,Rupert Graves,Stephen Rea,","963,460",$70.51M
136,137,Rang De Basanti,(2006),"Comedy, Drama",8.2,Not Mentioned,"The story of six young Indians who assist an English woman to film a documentary on the freedom fighters from their past, and the events that lead them to relive the long-forgotten saga of freedom.",Rakeysh Omprakash Mehra,"Aamir Khan,Soha Ali Khan,Siddharth,Sharman Joshi,","102,203",$2.20M
137,138,Munna Bhai M.B.B.S.,(2003),"Comedy, Drama, Musical",8.2,Not Mentioned,A gangster sets out to fulfill his father's dream of becoming a doctor.,Rajkumar Hirani,"Sanjay Dutt,Arshad Warsi,Gracy Singh,Sunil Dutt,","66,034",NaN
138,139,Batman Begins,(2005),"Action, Adventure",8.2,70,"After training with his mentor, Batman begins his fight to free crime-ridden Gotham City from corruption.",Christopher Nolan,"Christian Bale,Michael Caine,Ken Watanabe,Liam Neeson,","1,211,866",$206.85M
139,140,"Swades: We, the People",(2004),Drama,8.2,Not Mentioned,A successful Indian scientist returns to an Indian village to take his nanny to America with him and in the process rediscovers his roots.,Ashutosh Gowariker,"Shah Rukh Khan,Gayatri Joshi,Kishori Ballal,Smit Sheth,","75,730",$1.22M
140,141,Der Untergang,(2004),"Biography, Drama, History",8.2,82,"Traudl Junge, the final secretary for Adolf Hitler, tells of the Nazi dictator's final days in his Berlin bunker at the end of WWII.",Oliver Hirschbiegel,"Bruno Ganz,Alexandra Maria Lara,Ulrich Matthes,Juliane Köhler,","309,748",$5.51M
141,142,Hauru no ugoku shiro,(2004),"Animation, Adventure, Family",8.2,80,"When an unconfident young woman is cursed with an old body by a spiteful witch, her only chance of breaking the spell lies with a self-indulgent yet insecure young wizard and his companions in his legged, walking castle.",Hayao Miyazaki,"Chieko Baishô,Takuya Kimura,Tatsuya Gashûin,Akihiro Miwa,","288,295",$4.71M
142,143,A Beautiful Mind,(2001),"Biography, Drama",8.2,72,"After John Nash, a brilliant but asocial mathematician, accepts secret work in cryptography, his life takes a turn for the nightmarish.",Ron Howard,"Russell Crowe,Ed Harris,Jennifer Connelly,Christopher Plummer,","782,371",$170.74M
143,144,"Lock, Stock and Two Smoking Barrels",(1998),"Comedy, Crime",8.2,66,"A botched card game in London triggers four friends, thugs, weed-growers, hard gangsters, loan sharks and debt collectors to collide with each other in a series of unexpected events, all for the sake of weed, cash and two antique shotguns.",Guy Ritchie,"Jason Flemyng,Dexter Fletcher,Nick Moran,Jason Statham,","498,989",$3.90M
144,145,L.A. Confidential,(1997),"Crime, Drama, Mystery",8.2,90,"As corruption grows in 1950s Los Angeles, three policemen -- one strait-laced, one brutal, and one sleazy -- investigate a series of murders with their own brand of justice.",Curtis Hanson,"Kevin Spacey,Russell Crowe,Guy Pearce,Kim Basinger,","499,681",$64.62M
145,146,Heat,(1995),"Crime, Drama, Thriller",8.2,76,A group of professional bank robbers start to feel the heat from police when they unknowingly leave a clue at their latest heist.,Michael Mann,"Al Pacino,Robert De Niro,Val Kilmer,Jon Voight,","531,218",$67.44M
146,147,Casino,(1995),"Crime, Drama",8.2,73,"A tale of greed, deception, money, power, and murder occur between two best friends: a mafia enforcer and a casino executive, compete against each other over a gambling empire, and over a fast living and fast loving socialite.",Martin Scorsese,"Robert De Niro,Sharon Stone,Joe Pesci,James Woods,","420,690",$42.44M
147,148,Unforgiven,(1992),"Drama, Western",8.2,85,"Retired Old West gunslinger William Munny reluctantly takes on one last job, with the help of his old partner and a young man.",Clint Eastwood,"Clint Eastwood,Gene Hackman,Morgan Freeman,Richard Harris,","346,650",$101.16M
148,149,Indiana Jones and the Last Crusade,(1989),"Action, Adventure",8.2,65,"In 1938, after his father Professor Henry Jones, Sr. goes missing while pursuing the Holy Grail, Professor Henry ""Indiana"" Jones, Jr. finds himself up against Adolf Hitler's Nazis again to stop them from obtaining its powers.",Steven Spielberg,"Harrison Ford,Sean Connery,Alison Doody,Denholm Elliott,","643,702",$197.17M
149,150,Tonari no Totoro,(1988),"Animation, Family, Fantasy",8.2,86,"When two girls move to the country to be near their ailing mother, they have adventures with the wondrous forest spirits who live nearby.",Hayao Miyazaki,"Hitoshi Takagi,Noriko Hidaka,Chika Sakamoto,Shigesato Itoi,","244,105",$1.11M
150,151,Die Hard,(1988),"Action, Thriller",8.2,72,An NYPD officer tries to save his wife and several others taken hostage by German terrorists during a Christmas party at the Nakatomi Plaza in Los Angeles.,John McTiernan,"Bruce Willis,Alan Rickman,Bonnie Bedelia,Reginald VelJohnson,","729,759",$83.01M
151,152,Ran,(1985),"Action, Drama",8.2,96,"In Medieval Japan, an elderly warlord retires, handing over his empire to his three sons. However, he vastly underestimates how the new-found power will corrupt them and cause them to turn on each other...and him.",Akira Kurosawa,"Tatsuya Nakadai,Akira Terao,Jinpachi Nezu,Daisuke Ryû,","101,272",$3.52M
152,153,Raging Bull,(1980),"Biography, Drama, Sport",8.2,89,"The life of boxer Jake LaMotta, whose violence and temper that led him to the top in the ring destroyed his life outside of it.",Martin Scorsese,"Robert De Niro,Cathy Moriarty,Joe Pesci,Frank Vincent,","293,107",$23.38M
153,154,Stalker,(1979),"Drama, Sci-Fi",8.2,Not Mentioned,A guide leads two men through an area known as the Zone to find a room that grants wishes.,Andrei Tarkovsky,"Alisa Freyndlikh,Aleksandr Kaydanovskiy,Anatoliy Solonitsyn,Nikolay Grinko,","100,535",$0.23M
154,155,Monty Python and the Holy Grail,(1975),"Adventure, Comedy, Fantasy",8.2,93,"King Arthur and his Knights of the Round Table embark on a surreal, low-budget search for the Holy Grail, encountering many, very silly obstacles.",Terry Gilliam,"Terry Jones,Graham Chapman,John Cleese,Eric Idle,Terry Gilliam,","468,269",$1.23M
155,156,Chinatown,(1974),"Drama, Mystery, Thriller",8.2,92,"A private detective hired to expose an adulterer finds himself caught up in a web of deceit, corruption, and murder.",Roman Polanski,"Jack Nicholson,Faye Dunaway,John Huston,Perry Lopez,","269,938",$29.20M
156,157,Andrei Rublev,(1966),"Biography, Drama, History",8.2,Not Mentioned,"The life, times and afflictions of the fifteenth-century Russian iconographer St. Andrei Rublev.",Andrei Tarkovsky,"Anatoliy Solonitsyn,Ivan Lapikov,Nikolay Grinko,Nikolay Sergeev,","39,983",$0.10M
157,158,The Great Escape,(1963),"Adventure, Drama, History",8.2,87,Allied prisoners of war plan for several hundred of their number to escape from a German camp during World War II.,John Sturges,"Steve McQueen,James Garner,Richard Attenborough,Charles Bronson,","207,696",$12.10M
158,159,El ángel exterminador,(1962),"Drama, Fantasy",8.2,Not Mentioned,The guests at an upper-class dinner party find themselves unable to leave.,Luis Buñuel,"Silvia Pinal,Jacqueline Andere,Enrique Rambal,José Baviera,","25,927",NaN
159,160,Yôjinbô,(1961),"Action, Comedy, Crime",8.2,Not Mentioned,A crafty ronin comes to a town divided by two criminal gangs and decides to play them against each other to free the town.,Akira Kurosawa,"Toshirô Mifune,Eijirô Tôno,Tatsuya Nakadai,Yôko Tsukasa,","100,160",NaN
160,161,Judgment at Nuremberg,(1961),"Drama, War",8.2,Not Mentioned,"In 1948, an American court in occupied Germany tries four Nazis judged for war crimes.",Stanley Kramer,"Spencer Tracy,Burt Lancaster,Richard Widmark,Marlene Dietrich,","62,864",NaN
161,162,Some Like It Hot,(1959),"Comedy, Music, Romance",8.2,97,"When two male musicians witness a mob hit, they flee the state in an all-female band disguised as women, but further complications set in.",Billy Wilder,"Marilyn Monroe,Tony Curtis,Jack Lemmon,George Raft,","224,404",$25.00M
162,163,Smultronstället,(1957),"Drama, Romance",8.2,Not Mentioned,"After living a life marked by coldness, an aging professor is forced to confront the emptiness of his existence.",Ingmar Bergman,"Victor Sjöström,Bibi Andersson,Ingrid Thulin,Gunnar Björnstrand,","85,755",NaN
163,164,Det sjunde inseglet,(1957),"Drama, Fantasy",8.2,Not Mentioned,"A man seeks answers about life, death, and the existence of God as he plays chess against the Grim Reaper during the Black Plague.",Ingmar Bergman,"Max von Sydow,Gunnar Björnstrand,Bengt Ekerot,Nils Poppe,","146,091",NaN
164,165,Dial M for Murder,(1954),"Crime, Thriller",8.2,75,A tennis player frames his unfaithful wife for first-degree murder after she inadvertently hinders his plan to kill her.,Alfred Hitchcock,"Ray Milland,Grace Kelly,Robert Cummings,John Williams,","142,925",$0.01M
165,166,Tôkyô monogatari,(1953),Drama,8.2,Not Mentioned,An old couple visit their children and grandchildren in the city; but the children have little time for them.,Yasujirô Ozu,"Chishû Ryû,Chieko Higashiyama,Sô Yamamura,Setsuko Hara,","44,973",NaN
166,167,Rashômon,(1950),"Crime, Drama, Mystery",8.2,98,"The rape of a bride and the murder of her samurai husband are recalled from the perspectives of a bandit, the bride, the samurai's ghost and a woodcutter.",Akira Kurosawa,"Toshirô Mifune,Machiko Kyô,Masayuki Mori,Takashi Shimura,","137,973",$0.10M
167,168,All About Eve,(1950),Drama,8.2,98,An ingénue insinuates herself into the lives of an established but aging stage actress and her circle of theater friends.,Joseph L. Mankiewicz,"Bette Davis,Anne Baxter,George Sanders,Celeste Holm,","111,094",$0.01M
168,169,The Treasure of the Sierra Madre,(1948),"Adventure, Drama, Western",8.2,98,"Fred Dobbs and Bob Curtin, two Americans searching for work in Mexico, convince an old prospector to help them mine for gold in the Sierra Madre Mountains.",John Huston,"Humphrey Bogart,Walter Huston,Tim Holt,Bruce Bennett,","105,048",$5.01M
169,170,The Red Shoes,(1948),"Drama, Music, Romance",8.2,Not Mentioned,A young ballet dancer is torn between the man she loves and her pursuit to become a prima ballerina.,Michael Powell,"Emeric Pressburger,Anton Walbrook,Marius Goring,Moira Shearer,Jean Short,","25,064",$10.90M
170,171,La passion de Jeanne d'Arc,(1928),"Biography, Drama, History",8.2,Not Mentioned,"In 1431, Jeanne d'Arc is placed on trial on charges of heresy. The ecclesiastical jurists attempt to force Jeanne to recant her claims of holy visions.",Carl Theodor Dreyer,"Maria Falconetti,Eugene Silvain,André Berley,Maurice Schutz,","41,650",$0.02M
171,172,The Gold Rush,(1925),"Adventure, Comedy, Drama",8.2,Not Mentioned,A prospector goes to the Klondike in search of gold and finds it and more.,Charles Chaplin,"Charles Chaplin,Mack Swain,Tom Murray,Henry Bergman,","90,998",$5.45M
172,173,Sherlock Jr.,(1924),"Action, Comedy, Romance",8.2,Not Mentioned,"A film projectionist longs to be a detective, and puts his meagre skills to work when he is framed by a rival for stealing his girlfriend's father's pocketwatch.",Buster Keaton,"Buster Keaton,Kathryn McGuire,Joe Keaton,Erwin Connelly,","34,368",$0.98M
173,174,Ah-ga-ssi,(2016),"Drama, Romance, Thriller",8.1,84,"A woman is hired as a handmaiden to a Japanese heiress, but secretly she is involved in a plot to defraud her.",Chan-wook Park,"Min-hee Kim,Jung-woo Ha,Jin-woong Cho,So-Ri Moon,","83,462",$2.01M
174,175,Logan,(2017),"Action, Drama, Sci-Fi",8.1,77,"In a future where mutants are nearly extinct, an elderly and weary Logan leads a quiet life. But when Laura, a mutant child pursued by scientists, comes to him for help, he must get her to safety.",James Mangold,"Hugh Jackman,Patrick Stewart,Dafne Keen,Boyd Holbrook,","576,543",$226.28M
175,176,Relatos salvajes,(2014),"Comedy, Drama, Thriller",8.1,77,Six short stories that explore the extremities of human behavior involving people in distress.,Damián Szifron,"Darío Grandinetti,María Marull,Mónica Villa,Diego Starosta,","154,699",$3.11M
176,177,The Grand Budapest Hotel,(2014),"Adventure, Comedy, Crime",8.1,88,"The adventures of Gustave H, a legendary concierge at a famous hotel from the fictional Republic of Zubrowka between the first and second World Wars, and Zero Moustafa, the lobby boy who becomes his most trusted friend.",Wes Anderson,"Ralph Fiennes,F. Murray Abraham,Mathieu Amalric,Adrien Brody,","643,884",$59.10M
177,178,Gone Girl,(2014),"Drama, Mystery, Thriller",8.1,79,"With his wife's disappearance having become the focus of an intense media circus, a man sees the spotlight turned on him when it's suspected that he may not be innocent.",David Fincher,"Ben Affleck,Rosamund Pike,Neil Patrick Harris,Tyler Perry,","775,845",$167.77M
178,179,Hacksaw Ridge,(2016),"Biography, Drama, History",8.1,71,"World War II American Army Medic Desmond T. Doss, who served during the Battle of Okinawa, refuses to kill people, and becomes the first man in American history to receive the Medal of Honor without firing a shot.",Mel Gibson,"Andrew Garfield,Sam Worthington,Luke Bracey,Teresa Palmer,","377,237",$67.21M
179,180,12 Years a Slave,(2013),"Biography, Drama, History",8.1,96,"In the antebellum United States, Solomon Northup, a free black man from upstate New York, is abducted and sold into slavery.",Steve McQueen,"Chiwetel Ejiofor,Michael Kenneth Williams,Michael Fassbender,Brad Pitt,","586,049",$56.67M
180,181,Guardians of the Galaxy,(2014),"Action, Adventure, Comedy",8.1,76,A group of intergalactic criminals must pull together to stop a fanatical warrior with plans to purge the universe.,James Gunn,"Chris Pratt,Vin Diesel,Bradley Cooper,Zoe Saldana,","970,344",$333.18M
181,182,Toy Story 4,(2019),"Animation, Adventure, Comedy",8.1,84,"When a new toy called ""Forky"" joins Woody and the gang, a road trip alongside old and new friends reveals how big the world can be for a toy.",Josh Cooley,"Tom Hanks,Tim Allen,Annie Potts,Tony Hale,","92,203",$431.96M
182,183,Rush,(I) (2013),"Biography, Drama, Sport",8.1,75,The merciless 1970s rivalry between Formula One rivals James Hunt and Niki Lauda.,Ron Howard,"Daniel Brühl,Chris Hemsworth,Olivia Wilde,Alexandra Maria Lara,","399,093",$26.95M
183,184,Spotlight,(I) (2015),"Biography, Crime, Drama",8.1,93,"The true story of how the Boston Globe uncovered the massive scandal of child molestation and cover-up within the local Catholic Archdiocese, shaking the entire Catholic Church to its core.",Tom McCarthy,"Mark Ruffalo,Michael Keaton,Rachel McAdams,Liev Schreiber,","373,511",$45.06M
184,185,The Help,(2011),Drama,8.1,62,"An aspiring author during the civil rights movement of the 1960s decides to write a book detailing the African American maids' point of view on the white families for which they work, and the hardships they go through on a daily basis.",Tate Taylor,"Emma Stone,Viola Davis,Octavia Spencer,Bryce Dallas Howard,","397,698",$169.71M
185,186,Prisoners,(2013),"Crime, Drama, Mystery",8.1,74,"When Keller Dover's daughter and her friend go missing, he takes matters into his own hands as the police pursue multiple leads and the pressure mounts.",Denis Villeneuve,"Hugh Jackman,Jake Gyllenhaal,Viola Davis,Melissa Leo,","536,939",$61.00M
186,187,Mad Max: Fury Road,(2015),"Action, Adventure, Sci-Fi",8.1,90,"In a post-apocalyptic wasteland, a woman rebels against a tyrannical ruler in search for her homeland with the aid of a group of female prisoners, a psychotic worshiper, and a drifter named Max.",George Miller,"Tom Hardy,Charlize Theron,Nicholas Hoult,Zoë Kravitz,","795,200",$154.06M
187,188,Gran Torino,(2008),Drama,8.1,72,"Disgruntled Korean War veteran Walt Kowalski sets out to reform his neighbor, a Hmong teenager who tried to steal Kowalski's prized possession: a 1972 Gran Torino.",Clint Eastwood,"Clint Eastwood,Bee Vang,Christopher Carley,Ahney Her,","677,572",$148.10M
188,189,Harry Potter and the Deathly Hallows: Part 2,(2011),"Adventure, Drama, Fantasy",8.1,87,"Harry, Ron, and Hermione search for Voldemort's remaining Horcruxes in their effort to destroy the Dark Lord as the final battle rages on at Hogwarts.",David Yates,"Daniel Radcliffe,Emma Watson,Rupert Grint,Michael Gambon,","702,237",$381.01M
189,190,Shutter Island,(2010),"Mystery, Thriller",8.1,63,"In 1954, a U.S. Marshal investigates the disappearance of a murderer, who escaped from a hospital for the criminally insane.",Martin Scorsese,"Leonardo DiCaprio,Emily Mortimer,Mark Ruffalo,Ben Kingsley,","1,024,707",$128.01M
190,191,Hachi: A Dog's Tale,(2009),"Drama, Family",8.1,Not Mentioned,A college professor bonds with an abandoned dog he takes into his home.,Lasse Hallström,"Richard Gere,Joan Allen,Cary-Hiroyuki Tagawa,Sarah Roemer,","227,832",NaN
191,192,Mary and Max,(2009),"Animation, Comedy, Drama",8.1,Not Mentioned,"A tale of friendship between two unlikely pen pals: Mary, a lonely, eight-year-old girl living in the suburbs of Melbourne, and Max, a forty-four-year old, severely obese man living in New York.",Adam Elliot,"Toni Collette,Philip Seymour Hoffman,Eric Bana,Barry Humphries,","152,959",NaN
192,193,How to Train Your Dragon,(2010),"Animation, Action, Adventure",8.1,74,"A hapless young Viking who aspires to hunt dragons becomes the unlikely friend of a young dragon himself, and learns there may be more to the creatures than he assumed.",Dean DeBlois,"Chris Sanders,Jay Baruchel,Gerard Butler,Christopher Mintz-Plasse,Craig Ferguson,","620,114",$217.58M
193,194,Into the Wild,(2007),"Adventure, Biography, Drama",8.1,73,"After graduating from Emory University, top student and athlete Christopher McCandless abandons his possessions, gives his entire $24,000 savings account to charity and hitchhikes to Alaska to live in the wilderness. Along the way, Christopher encounters a series of characters that shape his life.",Sean Penn,"Emile Hirsch,Vince Vaughn,Catherine Keener,Marcia Gay Harden,","530,955",$18.35M
194,195,No Country for Old Men,(2007),"Crime, Drama, Thriller",8.1,91,Violence and mayhem ensue after a hunter stumbles upon a drug deal gone wrong and more than two million dollars in cash near the Rio Grande.,Ethan Coen,"Joel Coen,Tommy Lee Jones,Javier Bardem,Josh Brolin,Woody Harrelson,","778,880",$74.28M
195,196,There Will Be Blood,(2007),Drama,8.1,93,"A story of family, religion, hatred, oil and madness, focusing on a turn-of-the-century prospector in the early days of the business.",Paul Thomas Anderson,"Daniel Day-Lewis,Paul Dano,Ciarán Hinds,Martin Stringer,","470,636",$40.22M
196,197,Million Dollar Baby,(2004),"Drama, Sport",8.1,86,A determined woman works with a hardened boxing trainer to become a professional.,Clint Eastwood,"Hilary Swank,Clint Eastwood,Morgan Freeman,Jay Baruchel,","593,324",$100.49M
197,198,Hotel Rwanda,(2004),"Biography, Drama, History",8.1,79,Paul Rusesabagina was a hotel manager who housed over a thousand Tutsi refugees during their struggle against the Hutu militia in Rwanda.,Terry George,"Don Cheadle,Sophie Okonedo,Joaquin Phoenix,Xolani Mali,","316,546",$23.53M
198,199,Salinui chueok,(2003),"Action, Crime, Drama",8.1,82,"In a small Korean province in 1986, three detectives struggle with the case of multiple young women being found raped and murdered by an unknown culprit.",Joon-ho Bong,"Kang-ho Song,Sang-kyung Kim,Roe-ha Kim,Jae-ho Song,","104,755",$0.01M
199,200,Mou gaan dou,(2002),"Crime, Drama, Mystery",8.1,75,"A story between a mole in the police department and an undercover cop. Their objectives are the same: to find out who is the mole, and who is the cop.",Andrew Lau Wai-Keung,"Alan Mak,Andy Lau,Tony Chiu-Wai Leung,Anthony Chau-Sang Wong,Eric Tsang,","112,020",$0.17M
200,201,Kill Bill: Vol. 1,(2003),"Action, Crime, Thriller",8.1,69,"After awakening from a four-year coma, a former assassin wreaks vengeance on the team of assassins who betrayed her.",Quentin Tarantino,"Uma Thurman,David Carradine,Daryl Hannah,Michael Madsen,","923,380",$70.10M
201,202,Finding Nemo,(2003),"Animation, Adventure, Comedy",8.1,90,"After his son is captured in the Great Barrier Reef and taken to Sydney, a timid clownfish sets out on a journey to bring him home.",Andrew Stanton,"Lee Unkrich,Albert Brooks,Ellen DeGeneres,Alexander Gould,Willem Dafoe,","881,659",$380.84M
202,203,Catch Me If You Can,(2002),"Biography, Crime, Drama",8.1,75,"A seasoned FBI agent pursues Frank Abagnale Jr. who, before his 19th birthday, successfully forged millions of dollars' worth of checks while posing as a Pan Am pilot, a doctor, and a legal prosecutor.",Steven Spielberg,"Leonardo DiCaprio,Tom Hanks,Christopher Walken,Martin Sheen,","735,418",$164.62M
203,204,Amores perros,(2000),"Drama, Thriller",8.1,83,"A horrific car accident connects three stories, each involving characters dealing with loss, regret, and life's harsh realities, all in the name of love.",Alejandro G. Iñárritu,"Emilio Echevarría,Gael García Bernal,Goya Toledo,Álvaro Guerrero,","209,186",$5.38M
204,205,Lagaan: Once Upon a Time in India,(2001),"Adventure, Drama, Musical",8.1,84,The people of a small village in Victorian India stake their future on a game of cricket against their ruthless British rulers.,Ashutosh Gowariker,"Aamir Khan,Raghuvir Yadav,Gracy Singh,Rachel Shelley,","94,492",$0.07M
205,206,The Sixth Sense,(1999),"Drama, Mystery, Thriller",8.1,64,A boy who communicates with spirits seeks the help of a disheartened child psychologist.,M. Night Shyamalan,"Bruce Willis,Haley Joel Osment,Toni Collette,Olivia Williams,","855,214",$293.51M
206,207,La leggenda del pianista sull'oceano,(1998),"Drama, Music, Romance",8.1,Not Mentioned,"A baby boy, discovered in 1900 on an ocean liner, grows into a musical prodigy, never setting foot on land.",Giuseppe Tornatore,"Tim Roth,Pruitt Taylor Vince,Mélanie Thierry,Bill Nunn,","53,135",$0.26M
207,208,The Truman Show,(1998),"Comedy, Drama, Sci-Fi",8.1,90,An insurance salesman discovers his whole life is actually a reality TV show.,Peter Weir,"Jim Carrey,Ed Harris,Laura Linney,Noah Emmerich,","852,546",$125.62M
208,209,The Big Lebowski,(1998),"Comedy, Crime",8.1,71,"Jeff ""The Dude"" Lebowski, mistaken for a millionaire of the same name, seeks restitution for his ruined rug and enlists his bowling buddies to help get it.",Joel Coen,"Ethan Coen,Jeff Bridges,John Goodman,Julianne Moore,Steve Buscemi,","673,165",$17.50M
209,210,Faa yeung nin wa,(2000),"Drama, Romance",8.1,85,"Two neighbors, a woman and a man, form a strong bond after both suspect extramarital activities of their spouses. However, they agree to keep their bond platonic so as not to commit similar wrongs.",Kar-Wai Wong,"Tony Chiu-Wai Leung,Maggie Cheung,Ping Lam Siu,Tung Cho 'Joe' Cheung,","108,160",$2.73M
210,211,Trainspotting,(1996),Drama,8.1,83,"Renton, deeply immersed in the Edinburgh drug scene, tries to clean up and get out, despite the allure of the drugs and influence of friends.",Danny Boyle,"Ewan McGregor,Ewen Bremner,Jonny Lee Miller,Kevin McKidd,","596,262",$16.50M
211,212,Fargo,(1996),"Crime, Drama, Thriller",8.1,85,Jerry Lundegaard's inept crime falls apart due to his and his henchmen's bungling and the persistent police work of the quite pregnant Marge Gunderson.,Joel Coen,"Ethan Coen,William H. Macy,Frances McDormand,Steve Buscemi,Peter Stormare,","569,507",$24.61M
212,213,La haine,(1995),"Crime, Drama",8.1,Not Mentioned,24 hours in the lives of three young men in the French suburbs the day after a violent riot.,Mathieu Kassovitz,"Vincent Cassel,Hubert Koundé,Saïd Taghmaoui,Abdel Ahmed Ghili,","133,885",$0.31M
213,214,Before Sunrise,(1995),"Drama, Romance",8.1,77,"A young man and woman meet on a train in Europe, and wind up spending one evening together in Vienna. Unfortunately, both know that this will probably be their only night together.",Richard Linklater,"Ethan Hawke,Julie Delpy,Andrea Eckert,Hanno Pöschl,","242,584",$5.54M
214,215,Jurassic Park,(1993),"Action, Adventure, Sci-Fi",8.1,68,A pragmatic Paleontologist visiting an almost complete theme park is tasked with protecting a couple of kids after a power failure causes the park's cloned dinosaurs to run loose.,Steven Spielberg,"Sam Neill,Laura Dern,Jeff Goldblum,Richard Attenborough,","795,386",$402.45M
215,216,In the Name of the Father,(1993),"Biography, Drama",8.1,84,A man's coerced confession to an IRA bombing he did not commit results in the imprisonment of his father as well. An English lawyer fights to free them.,Jim Sheridan,"Daniel Day-Lewis,Pete Postlethwaite,Alison Crosbie,Philip King,","143,602",$25.01M
216,217,Dead Poets Society,(1989),"Comedy, Drama",8.1,79,English teacher John Keating inspires his students to look at poetry with a different perspective of authentic knowledge and feelings.,Peter Weir,"Robin Williams,Robert Sean Leonard,Ethan Hawke,Josh Charles,","378,284",$95.86M
217,218,Akira,(1988),"Animation, Drama, Sci-Fi",8.1,Not Mentioned,A secret military project endangers Neo-Tokyo when it turns a biker gang member into a rampaging psychic psychopath who can only be stopped by two teenagers and a group of psychics.,Katsuhiro Ôtomo,"Mitsuo Iwata,Nozomu Sasaki,Mami Koyama,Tesshô Genda,","144,038",$0.55M
218,219,The Princess Bride,(1987),"Adventure, Family, Fantasy",8.1,77,"While home sick in bed, a young boy's grandfather reads him the story of a farmboy-turned-pirate who encounters numerous obstacles, enemies and allies in his quest to be reunited with his true love.",Rob Reiner,"Cary Elwes,Mandy Patinkin,Robin Wright,Chris Sarandon,","364,780",$30.86M
219,220,Stand by Me,(1986),"Adventure, Drama",8.1,75,"After the death of one of his friends, a writer recounts a boyhood journey with his friends to find the body of a missing boy.",Rob Reiner,"Wil Wheaton,River Phoenix,Corey Feldman,Jerry O'Connell,","338,480",$52.29M
220,221,Platoon,(1986),"Drama, War",8.1,92,A young soldier in Vietnam faces a moral crisis when confronted with the horrors of war and the duality of man.,Oliver Stone,"Charlie Sheen,Tom Berenger,Willem Dafoe,Keith David,","356,127",$138.53M
221,222,"Paris, Texas",(1984),Drama,8.1,78,"Travis Henderson, an aimless drifter who has been missing for four years, wanders out of the desert and must reconnect with society, himself, his life, and his family.",Wim Wenders,"Harry Dean Stanton,Nastassja Kinski,Dean Stockwell,Aurore Clément,","76,743",$2.18M
222,223,Kaze no tani no Naushika,(1984),"Animation, Adventure, Fantasy",8.1,86,Warrior and pacifist Princess Nausicaä desperately struggles to prevent two warring nations from destroying themselves and their dying planet.,Hayao Miyazaki,"Sumi Shimamoto,Mahito Tsujimura,Hisako Kyôda,Gorô Naya,","130,508",$0.50M
223,224,The Thing,(1982),"Horror, Mystery, Sci-Fi",8.1,Not Mentioned,A research team in Antarctica is hunted by a shape-shifting alien that assumes the appearance of its victims.,John Carpenter,"Kurt Russell,Wilford Brimley,Keith David,Richard Masur,","337,497",$13.78M
224,225,Blade Runner,(1982),"Action, Sci-Fi, Thriller",8.1,89,"A blade runner must pursue and terminate four replicants who stole a ship in space, and have returned to Earth to find their creator.",Ridley Scott,"Harrison Ford,Rutger Hauer,Sean Young,Edward James Olmos,","638,589",$32.87M
225,226,The Elephant Man,(1980),"Biography, Drama",8.1,77,"A Victorian surgeon rescues a heavily disfigured man who is mistreated while scraping a living as a side-show freak. Behind his monstrous façade, there is revealed a person of kindness, intelligence and sophistication.",David Lynch,"Anthony Hopkins,John Hurt,Anne Bancroft,John Gielgud,","202,993",NaN
226,227,Life of Brian,(1979),Comedy,8.1,77,"Born on the original Christmas in the stable next door to Jesus, Brian of Nazareth spends his life being mistaken for a messiah.",Terry Jones,"Graham Chapman,John Cleese,Michael Palin,Terry Gilliam,","339,566",$20.05M
227,228,The Deer Hunter,(1978),"Drama, War",8.1,86,An in-depth examination of the ways in which the U.S. Vietnam War impacts and disrupts the lives of people in a small industrial town in Pennsylvania.,Michael Cimino,"Robert De Niro,Christopher Walken,John Cazale,John Savage,","288,154",$48.98M
228,229,Rocky,(1976),"Drama, Sport",8.1,70,A small-time boxer gets a supremely rare chance to fight a heavy-weight champion in a bout in which he strives to go the distance for his self-respect.,John G. Avildsen,"Sylvester Stallone,Talia Shire,Burt Young,Carl Weathers,","479,987",$117.24M
229,230,Network,(1976),Drama,8.1,83,A television network cynically exploits a deranged former anchor's ravings and revelations about the news media for its own profit.,Sidney Lumet,"Faye Dunaway,William Holden,Peter Finch,Robert Duvall,","133,582",NaN
230,231,Barry Lyndon,(1975),"Adventure, Drama, History",8.1,89,An Irish rogue wins the heart of a rich widow and assumes her dead husband's aristocratic position in 18th-century England.,Stanley Kubrick,"Ryan O'Neal,Marisa Berenson,Patrick Magee,Hardy Krüger,","134,815",NaN
231,232,Cool Hand Luke,(1967),"Crime, Drama",8.1,91,"A laid back Southern man is sentenced to two years in a rural prison, but refuses to conform.",Stuart Rosenberg,"Paul Newman,George Kennedy,Strother Martin,J.D. Cannon,","150,776",NaN
232,233,Persona,(1966),"Drama, Thriller",8.1,86,A nurse is put in charge of a mute actress and finds that their personae are melding together.,Ingmar Bergman,"Bibi Andersson,Liv Ullmann,Margaretha Krook,Gunnar Björnstrand,","89,102",NaN
233,234,La battaglia di Algeri,(1966),"Drama, War",8.1,95,"In the 1950s, fear and violence escalate as the people of Algiers fight for independence from the French government.",Gillo Pontecorvo,"Brahim Hadjadj,Jean Martin,Yacef Saadi,Tommaso Neri,","47,718",$0.06M
234,235,Les quatre cents coups,(1959),"Crime, Drama",8.1,Not Mentioned,"A young boy, left without attention, delves into a life of petty crime.",François Truffaut,"Jean-Pierre Léaud,Albert Rémy,Claire Maurier,Guy Decomble,","93,926",NaN
235,236,Ben-Hur,(1959),"Adventure, Drama, History",8.1,90,"When a Jewish prince is betrayed and sent into slavery by a Roman friend, he regains his freedom and comes back for revenge.",William Wyler,"Charlton Heston,Jack Hawkins,Stephen Boyd,Haya Harareet,","204,056",$74.70M
236,237,The Bridge on the River Kwai,(1957),"Adventure, Drama, War",8.1,87,"After settling his differences with a Japanese P.O.W. camp commander, a British Colonel co-operates to oversee his men's construction of a railway bridge for their captors, while oblivious to a plan by the Allies to destroy it.",David Lean,"William Holden,Alec Guinness,Jack Hawkins,Sessue Hayakawa,","188,558",$44.91M
237,238,On the Waterfront,(1954),"Crime, Drama, Thriller",8.1,91,An ex-prize fighter turned longshoreman struggles to stand up to his corrupt union bosses.,Elia Kazan,"Marlon Brando,Karl Malden,Lee J. Cobb,Rod Steiger,","130,667",$9.60M
238,239,Le salaire de la peur,(1953),"Adventure, Drama, Thriller",8.1,Not Mentioned,"In a decrepit South American village, four men are hired to transport an urgent nitroglycerine shipment without the equipment that would make it safe.",Henri-Georges Clouzot,"Yves Montand,Charles Vanel,Peter van Eyck,Folco Lulli,","49,098",NaN
239,240,The Third Man,(1949),"Film-Noir, Mystery, Thriller",8.1,97,"Pulp novelist Holly Martins travels to shadowy, postwar Vienna, only to find himself investigating the mysterious death of an old friend, Harry Lime.",Carol Reed,"Orson Welles,Joseph Cotten,Alida Valli,Trevor Howard,","147,361",$0.45M
240,241,Rebecca,(1940),"Drama, Mystery, Romance",8.1,Not Mentioned,A self-conscious woman juggles adjusting to her new role as an aristocrat's wife and avoiding being intimidated by his first wife's spectral presence.,Alfred Hitchcock,"Laurence Olivier,Joan Fontaine,George Sanders,Judith Anderson,","112,527",$4.36M
241,242,Mr. Smith Goes to Washington,(1939),"Comedy, Drama",8.1,73,"A naive man is appointed to fill a vacancy in the United States Senate. His plans promptly collide with political corruption, but he doesn't back down.",Frank Capra,"James Stewart,Jean Arthur,Claude Rains,Edward Arnold,","99,520",$9.60M
242,243,Gone with the Wind,(1939),"Drama, History, Romance",8.1,97,A manipulative woman and a roguish man conduct a turbulent romance during the American Civil War and Reconstruction periods.,Victor Fleming,"George Cukor,Sam Wood,Clark Gable,Vivien Leigh,Thomas Mitchell,Barbara O'Neil,","267,747",$198.68M
243,244,It Happened One Night,(1934),"Comedy, Romance",8.1,87,A spoiled heiress running away from her family is helped by a man who is actually a reporter in need of a story.,Frank Capra,"Clark Gable,Claudette Colbert,Walter Connolly,Roscoe Karns,","86,025",$4.36M
244,245,The General,(1926),"Action, Adventure, Comedy",8.1,Not Mentioned,"When Union spies steal an engineer's beloved locomotive, he pursues it single-handedly and straight through enemy lines.",Clyde Bruckman,"Buster Keaton,Buster Keaton,Marion Mack,Glen Cavender,Jim Farley,","73,013",NaN
245,246,Before Sunset,(2004),"Drama, Romance",8.0,90,"Nine years after Jesse and Celine first met, they encounter each other again on the French leg of Jesse's book tour.",Richard Linklater,"Ethan Hawke,Julie Delpy,Vernon Dobtcheff,Louise Lemoine Torrès,","212,062",$5.82M
246,247,"Monsters, Inc.",(2001),"Animation, Adventure, Comedy",8.0,78,"In order to power the city, monsters have to scare children so that they scream. However, the children are toxic to the monsters, and after a child gets through, 2 monsters realize things may not be what they think.",Pete Docter,"David Silverman,Lee Unkrich,Billy Crystal,John Goodman,Mary Gibbs,Steve Buscemi,","752,676",$289.92M
247,248,Aladdin,(1992),"Animation, Adventure, Comedy",8.0,86,A kindhearted street urchin and a power-hungry Grand Vizier vie for a magic lamp that has the power to make their deepest wishes come true.,Ron Clements,"John Musker,Scott Weinger,Robin Williams,Linda Larkin,Jonathan Freeman,","331,305",$217.35M
248,249,The Terminator,(1984),"Action, Sci-Fi",8.0,84,"A seemingly indestructible robot is sent from 2029 to 1984 to assassinate a young waitress, whose unborn son will lead humanity in a war against sentient machines, while a human soldier from the same war is sent to protect her at all costs.",James Cameron,"Arnold Schwarzenegger,Linda Hamilton,Michael Biehn,Paul Winfield,","741,052",$38.40M
249,250,Butch Cassidy and the Sundance Kid,(1969),"Biography, Crime, Drama",8.0,66,"Wyoming, early 1900s. Butch Cassidy and The Sundance Kid are the leaders of a band of outlaws. After a train robbery goes wrong they find themselves on the run with a posse hard on their heels. Their solution - escape to Bolivia.",George Roy Hill,"Paul Newman,Robert Redford,Katharine Ross,Strother Martin,","189,829",$102.31M
